TicketID,CreationDate,ResolutionDate,ReleaseIndex,ReleaseID,ReleaseName,ReleaseDate
"SYNCOPE-1128","2017-06-27T14:09:17.000+0000","2017-06-27T14:31:19.000+0000",18,"12326735","1.1.8","2014-07-03T00:00"
"SYNCOPE-1102","2017-05-31T12:51:32.000+0000","2017-06-06T11:01:10.000+0000",15,"12325150","1.1.5","2013-11-28T00:00"
"SYNCOPE-1102","2017-05-31T12:51:32.000+0000","2017-06-06T11:01:10.000+0000",16,"12325662","1.1.6","2014-02-22T00:00"
"SYNCOPE-1102","2017-05-31T12:51:32.000+0000","2017-06-06T11:01:10.000+0000",17,"12326288","1.1.7","2014-04-11T00:00"
"SYNCOPE-1102","2017-05-31T12:51:32.000+0000","2017-06-06T11:01:10.000+0000",18,"12326735","1.1.8","2014-07-03T00:00"
"SYNCOPE-928","2016-09-01T13:59:24.000+0000","2016-09-01T14:32:13.000+0000",18,"12326735","1.1.8","2014-07-03T00:00"
"SYNCOPE-812","2016-03-24T13:46:16.000+0000","2016-03-24T16:34:52.000+0000",27,"12322508","2.0.0-M1","2015-12-23T00:00"
"SYNCOPE-800","2016-03-23T14:37:01.000+0000","2016-03-29T10:02:44.000+0000",27,"12322508","2.0.0-M1","2015-12-23T00:00"
"SYNCOPE-776","2016-03-14T15:37:14.000+0000","2016-03-17T08:49:53.000+0000",27,"12322508","2.0.0-M1","2015-12-23T00:00"
"SYNCOPE-775","2016-03-03T12:01:42.000+0000","2016-03-09T14:14:01.000+0000",27,"12322508","2.0.0-M1","2015-12-23T00:00"
"SYNCOPE-769","2016-02-18T15:16:05.000+0000","2016-02-18T16:10:42.000+0000",27,"12322508","2.0.0-M1","2015-12-23T00:00"
"SYNCOPE-768","2016-02-18T14:03:18.000+0000","2016-02-19T15:41:46.000+0000",27,"12322508","2.0.0-M1","2015-12-23T00:00"
"SYNCOPE-762","2016-01-29T15:03:21.000+0000","2016-02-02T13:31:51.000+0000",27,"12322508","2.0.0-M1","2015-12-23T00:00"
"SYNCOPE-759","2016-01-21T11:12:30.000+0000","2016-01-22T16:45:20.000+0000",27,"12322508","2.0.0-M1","2015-12-23T00:00"
"SYNCOPE-758","2016-01-20T14:30:07.000+0000","2016-02-12T15:27:49.000+0000",27,"12322508","2.0.0-M1","2015-12-23T00:00"
"SYNCOPE-756","2016-01-04T12:03:17.000+0000","2016-01-22T16:45:33.000+0000",27,"12322508","2.0.0-M1","2015-12-23T00:00"
"SYNCOPE-741","2015-12-09T16:26:29.000+0000","2015-12-11T08:45:21.000+0000",26,"12333143","1.2.6","2015-11-05T00:00"
"SYNCOPE-741","2015-12-09T16:26:29.000+0000","2015-12-11T08:45:21.000+0000",27,"12322508","2.0.0-M1","2015-12-23T00:00"
"SYNCOPE-739","2015-12-03T12:46:38.000+0000","2015-12-07T08:21:47.000+0000",26,"12333143","1.2.6","2015-11-05T00:00"
"SYNCOPE-738","2015-12-02T16:15:53.000+0000","2016-09-05T13:40:44.000+0000",27,"12322508","2.0.0-M1","2015-12-23T00:00"
"SYNCOPE-737","2015-12-01T17:02:10.000+0000","2016-04-27T12:26:48.000+0000",27,"12322508","2.0.0-M1","2015-12-23T00:00"
"SYNCOPE-735","2015-11-25T11:06:47.000+0000","2015-11-25T11:32:02.000+0000",26,"12333143","1.2.6","2015-11-05T00:00"
"SYNCOPE-733","2015-11-23T14:36:58.000+0000","2015-11-25T10:44:28.000+0000",27,"12322508","2.0.0-M1","2015-12-23T00:00"
"SYNCOPE-730","2015-11-11T08:10:55.000+0000","2016-03-15T15:32:04.000+0000",27,"12322508","2.0.0-M1","2015-12-23T00:00"
"SYNCOPE-729","2015-11-10T17:33:41.000+0000","2015-11-10T18:04:13.000+0000",26,"12333143","1.2.6","2015-11-05T00:00"
"SYNCOPE-729","2015-11-10T17:33:41.000+0000","2015-11-10T18:04:13.000+0000",27,"12322508","2.0.0-M1","2015-12-23T00:00"
"SYNCOPE-726","2015-11-09T08:28:16.000+0000","2015-11-09T08:32:27.000+0000",18,"12326735","1.1.8","2014-07-03T00:00"
"SYNCOPE-717","2015-10-28T13:00:17.000+0000","2015-10-28T13:14:30.000+0000",25,"12332351","1.2.5","2015-07-28T00:00"
"SYNCOPE-716","2015-10-27T09:08:46.000+0000","2015-10-27T09:10:48.000+0000",25,"12332351","1.2.5","2015-07-28T00:00"
"SYNCOPE-712","2015-10-19T07:43:21.000+0000","2015-10-22T12:45:16.000+0000",25,"12332351","1.2.5","2015-07-28T00:00"
"SYNCOPE-710","2015-10-14T15:32:31.000+0000","2015-10-15T10:27:14.000+0000",25,"12332351","1.2.5","2015-07-28T00:00"
"SYNCOPE-707","2015-10-13T11:12:42.000+0000","2015-10-13T14:04:41.000+0000",25,"12332351","1.2.5","2015-07-28T00:00"
"SYNCOPE-707","2015-10-13T11:12:42.000+0000","2015-10-13T14:04:41.000+0000",27,"12322508","2.0.0-M1","2015-12-23T00:00"
"SYNCOPE-706","2015-10-12T14:06:56.000+0000","2015-10-13T07:53:52.000+0000",27,"12322508","2.0.0-M1","2015-12-23T00:00"
"SYNCOPE-703","2015-10-07T09:41:59.000+0000","2015-10-07T09:54:00.000+0000",27,"12322508","2.0.0-M1","2015-12-23T00:00"
"SYNCOPE-691","2015-09-07T12:14:39.000+0000","2015-09-07T14:44:35.000+0000",25,"12332351","1.2.5","2015-07-28T00:00"
"SYNCOPE-689","2015-08-28T14:26:43.000+0000","2015-09-02T10:56:11.000+0000",27,"12322508","2.0.0-M1","2015-12-23T00:00"
"SYNCOPE-688","2015-08-28T11:11:34.000+0000","2015-09-04T12:52:18.000+0000",27,"12322508","2.0.0-M1","2015-12-23T00:00"
"SYNCOPE-686","2015-08-25T09:17:07.000+0000","2015-08-26T14:54:31.000+0000",25,"12332351","1.2.5","2015-07-28T00:00"
"SYNCOPE-684","2015-07-23T08:47:24.000+0000","2015-07-23T08:57:48.000+0000",24,"12329742","1.2.4","2015-05-05T00:00"
"SYNCOPE-683","2015-07-13T09:51:17.000+0000","2015-07-13T10:51:50.000+0000",24,"12329742","1.2.4","2015-05-05T00:00"
"SYNCOPE-682","2015-07-13T09:39:20.000+0000","2015-07-13T10:51:41.000+0000",24,"12329742","1.2.4","2015-05-05T00:00"
"SYNCOPE-678","2015-07-08T07:39:10.000+0000","2015-07-13T09:18:15.000+0000",24,"12329742","1.2.4","2015-05-05T00:00"
"SYNCOPE-677","2015-07-08T07:36:43.000+0000","2015-07-08T08:01:26.000+0000",24,"12329742","1.2.4","2015-05-05T00:00"
"SYNCOPE-673","2015-05-27T07:35:23.000+0000","2015-05-27T10:22:38.000+0000",22,"12329017","1.2.2","2015-01-30T00:00"
"SYNCOPE-673","2015-05-27T07:35:23.000+0000","2015-05-27T10:22:38.000+0000",23,"12329368","1.2.3","2015-03-20T00:00"
"SYNCOPE-673","2015-05-27T07:35:23.000+0000","2015-05-27T10:22:38.000+0000",24,"12329742","1.2.4","2015-05-05T00:00"
"SYNCOPE-672","2015-05-25T14:49:40.000+0000","2015-05-25T15:45:03.000+0000",24,"12329742","1.2.4","2015-05-05T00:00"
"SYNCOPE-671","2015-05-24T16:17:22.000+0000","2015-05-24T17:08:31.000+0000",24,"12329742","1.2.4","2015-05-05T00:00"
"SYNCOPE-670","2015-05-21T14:40:41.000+0000","2015-05-22T10:25:05.000+0000",24,"12329742","1.2.4","2015-05-05T00:00"
"SYNCOPE-669","2015-05-21T13:09:43.000+0000","2015-05-22T08:13:54.000+0000",24,"12329742","1.2.4","2015-05-05T00:00"
"SYNCOPE-668","2015-05-19T15:41:31.000+0000","2015-05-20T12:00:27.000+0000",24,"12329742","1.2.4","2015-05-05T00:00"
"SYNCOPE-664","2015-05-04T14:57:16.000+0000","2015-05-04T15:59:02.000+0000",23,"12329368","1.2.3","2015-03-20T00:00"
"SYNCOPE-659","2015-04-15T07:57:38.000+0000","2015-04-16T07:03:43.000+0000",23,"12329368","1.2.3","2015-03-20T00:00"
"SYNCOPE-658","2015-04-10T15:02:07.000+0000","2015-04-14T10:10:03.000+0000",23,"12329368","1.2.3","2015-03-20T00:00"
"SYNCOPE-656","2015-04-02T07:34:46.000+0000","2015-04-02T07:49:50.000+0000",23,"12329368","1.2.3","2015-03-20T00:00"
"SYNCOPE-655","2015-03-27T08:31:16.000+0000","2015-03-27T10:17:21.000+0000",23,"12329368","1.2.3","2015-03-20T00:00"
"SYNCOPE-654","2015-03-26T16:55:18.000+0000","2015-04-14T16:03:44.000+0000",23,"12329368","1.2.3","2015-03-20T00:00"
"SYNCOPE-649","2015-02-27T15:33:37.000+0000","2015-02-27T15:36:13.000+0000",22,"12329017","1.2.2","2015-01-30T00:00"
"SYNCOPE-647","2015-02-23T17:28:50.000+0000","2015-02-24T13:07:59.000+0000",22,"12329017","1.2.2","2015-01-30T00:00"
"SYNCOPE-644","2015-02-18T10:29:04.000+0000","2015-02-18T14:06:16.000+0000",22,"12329017","1.2.2","2015-01-30T00:00"
"SYNCOPE-643","2015-02-16T08:54:09.000+0000","2015-02-16T13:59:30.000+0000",18,"12326735","1.1.8","2014-07-03T00:00"
"SYNCOPE-643","2015-02-16T08:54:09.000+0000","2015-02-16T13:59:30.000+0000",22,"12329017","1.2.2","2015-01-30T00:00"
"SYNCOPE-641","2015-02-13T13:48:46.000+0000","2015-02-13T15:12:46.000+0000",22,"12329017","1.2.2","2015-01-30T00:00"
"SYNCOPE-639","2015-02-13T09:06:59.000+0000","2015-02-13T15:24:04.000+0000",21,"12328766","1.2.1","2014-11-17T00:00"
"SYNCOPE-638","2015-02-13T08:23:30.000+0000","2015-02-13T14:21:37.000+0000",22,"12329017","1.2.2","2015-01-30T00:00"
"SYNCOPE-632","2015-01-28T10:53:05.000+0000","2015-01-29T16:52:02.000+0000",21,"12328766","1.2.1","2014-11-17T00:00"
"SYNCOPE-629","2015-01-20T11:46:26.000+0000","2015-01-21T09:41:45.000+0000",21,"12328766","1.2.1","2014-11-17T00:00"
"SYNCOPE-629","2015-01-20T11:46:26.000+0000","2015-01-21T09:41:45.000+0000",27,"12322508","2.0.0-M1","2015-12-23T00:00"
"SYNCOPE-617","2014-12-18T09:15:59.000+0000","2014-12-22T14:32:14.000+0000",21,"12328766","1.2.1","2014-11-17T00:00"
"SYNCOPE-615","2014-12-11T16:13:38.000+0000","2014-12-12T11:24:51.000+0000",22,"12329017","1.2.2","2015-01-30T00:00"
"SYNCOPE-614","2014-12-04T15:03:43.000+0000","2014-12-10T15:01:00.000+0000",21,"12328766","1.2.1","2014-11-17T00:00"
"SYNCOPE-613","2014-12-01T11:37:29.000+0000","2014-12-11T13:45:52.000+0000",21,"12328766","1.2.1","2014-11-17T00:00"
"SYNCOPE-611","2014-11-27T14:22:44.000+0000","2014-11-28T17:20:54.000+0000",21,"12328766","1.2.1","2014-11-17T00:00"
"SYNCOPE-610","2014-11-21T12:49:32.000+0000","2014-12-22T17:01:25.000+0000",21,"12328766","1.2.1","2014-11-17T00:00"
"SYNCOPE-608","2014-11-19T09:00:24.000+0000","2014-11-21T08:44:59.000+0000",20,"12328548","1.2.0","2014-10-03T00:00"
"SYNCOPE-607","2014-11-19T08:26:39.000+0000","2014-11-21T08:44:36.000+0000",21,"12328766","1.2.1","2014-11-17T00:00"
"SYNCOPE-605","2014-11-11T15:16:52.000+0000","2014-11-12T15:34:02.000+0000",21,"12328766","1.2.1","2014-11-17T00:00"
"SYNCOPE-603","2014-11-06T18:41:18.000+0000","2014-11-07T08:36:11.000+0000",21,"12328766","1.2.1","2014-11-17T00:00"
"SYNCOPE-601","2014-11-06T10:06:41.000+0000","2014-11-10T11:22:22.000+0000",18,"12326735","1.1.8","2014-07-03T00:00"
"SYNCOPE-601","2014-11-06T10:06:41.000+0000","2014-11-10T11:22:22.000+0000",20,"12328548","1.2.0","2014-10-03T00:00"
"SYNCOPE-600","2014-11-05T09:33:06.000+0000","2014-11-05T10:09:25.000+0000",18,"12326735","1.1.8","2014-07-03T00:00"
"SYNCOPE-600","2014-11-05T09:33:06.000+0000","2014-11-05T10:09:25.000+0000",20,"12328548","1.2.0","2014-10-03T00:00"
"SYNCOPE-598","2014-11-02T21:29:51.000+0000","2014-11-06T08:54:29.000+0000",20,"12328548","1.2.0","2014-10-03T00:00"
"SYNCOPE-597","2014-10-29T16:15:25.000+0000","2014-10-30T09:53:59.000+0000",20,"12328548","1.2.0","2014-10-03T00:00"
"SYNCOPE-596","2014-10-28T11:25:45.000+0000","2014-10-28T13:33:50.000+0000",19,"12322505","1.2.0-M1","2014-09-08T00:00"
"SYNCOPE-596","2014-10-28T11:25:45.000+0000","2014-10-28T13:33:50.000+0000",20,"12328548","1.2.0","2014-10-03T00:00"
"SYNCOPE-578","2014-10-23T13:43:47.000+0000","2014-10-30T16:22:04.000+0000",19,"12322505","1.2.0-M1","2014-09-08T00:00"
"SYNCOPE-578","2014-10-23T13:43:47.000+0000","2014-10-30T16:22:04.000+0000",20,"12328548","1.2.0","2014-10-03T00:00"
"SYNCOPE-576","2014-10-23T08:17:52.000+0000","2014-10-30T15:47:27.000+0000",20,"12328548","1.2.0","2014-10-03T00:00"
"SYNCOPE-574","2014-10-20T15:21:03.000+0000","2014-10-22T20:40:26.000+0000",20,"12328548","1.2.0","2014-10-03T00:00"
"SYNCOPE-574","2014-10-20T15:21:03.000+0000","2014-10-22T20:40:26.000+0000",27,"12322508","2.0.0-M1","2015-12-23T00:00"
"SYNCOPE-572","2014-10-20T10:03:44.000+0000","2014-10-31T10:33:36.000+0000",20,"12328548","1.2.0","2014-10-03T00:00"
"SYNCOPE-571","2014-10-20T09:31:57.000+0000","2014-10-22T15:55:47.000+0000",20,"12328548","1.2.0","2014-10-03T00:00"
"SYNCOPE-569","2014-10-16T13:03:36.000+0000","2014-10-17T09:56:05.000+0000",20,"12328548","1.2.0","2014-10-03T00:00"
"SYNCOPE-568","2014-10-16T12:46:02.000+0000","2014-10-17T10:04:26.000+0000",18,"12326735","1.1.8","2014-07-03T00:00"
"SYNCOPE-568","2014-10-16T12:46:02.000+0000","2014-10-17T10:04:26.000+0000",20,"12328548","1.2.0","2014-10-03T00:00"
"SYNCOPE-567","2014-10-15T14:39:39.000+0000","2014-10-17T10:08:48.000+0000",20,"12328548","1.2.0","2014-10-03T00:00"
"SYNCOPE-566","2014-10-15T11:20:07.000+0000","2014-10-16T07:20:43.000+0000",20,"12328548","1.2.0","2014-10-03T00:00"
"SYNCOPE-565","2014-10-13T11:39:25.000+0000","2014-10-14T13:17:40.000+0000",20,"12328548","1.2.0","2014-10-03T00:00"
"SYNCOPE-564","2014-10-11T12:05:27.000+0000","2014-10-23T16:00:11.000+0000",20,"12328548","1.2.0","2014-10-03T00:00"
"SYNCOPE-562","2014-10-08T08:04:45.000+0000","2014-10-09T09:50:06.000+0000",20,"12328548","1.2.0","2014-10-03T00:00"
"SYNCOPE-561","2014-10-07T09:02:17.000+0000","2014-10-07T09:41:26.000+0000",20,"12328548","1.2.0","2014-10-03T00:00"
"SYNCOPE-560","2014-10-07T08:19:36.000+0000","2014-10-07T08:36:06.000+0000",20,"12328548","1.2.0","2014-10-03T00:00"
"SYNCOPE-557","2014-10-03T15:52:41.000+0000","2014-10-07T08:15:11.000+0000",19,"12322505","1.2.0-M1","2014-09-08T00:00"
"SYNCOPE-556","2014-10-02T10:23:33.000+0000","2014-10-03T08:01:17.000+0000",19,"12322505","1.2.0-M1","2014-09-08T00:00"
"SYNCOPE-554","2014-09-29T08:17:55.000+0000","2014-10-23T09:21:03.000+0000",19,"12322505","1.2.0-M1","2014-09-08T00:00"
"SYNCOPE-554","2014-09-29T08:17:55.000+0000","2014-10-23T09:21:03.000+0000",20,"12328548","1.2.0","2014-10-03T00:00"
"SYNCOPE-553","2014-09-29T06:59:48.000+0000","2014-09-29T14:26:45.000+0000",19,"12322505","1.2.0-M1","2014-09-08T00:00"
"SYNCOPE-551","2014-09-23T14:30:43.000+0000","2014-09-23T14:33:14.000+0000",19,"12322505","1.2.0-M1","2014-09-08T00:00"
"SYNCOPE-549","2014-09-16T15:30:43.000+0000","2014-09-16T15:35:58.000+0000",19,"12322505","1.2.0-M1","2014-09-08T00:00"
"SYNCOPE-548","2014-09-15T12:59:09.000+0000","2014-09-15T15:20:23.000+0000",19,"12322505","1.2.0-M1","2014-09-08T00:00"
"SYNCOPE-547","2014-09-15T08:01:35.000+0000","2014-09-15T08:26:04.000+0000",18,"12326735","1.1.8","2014-07-03T00:00"
"SYNCOPE-545","2014-09-04T09:21:26.000+0000","2014-09-05T08:46:46.000+0000",19,"12322505","1.2.0-M1","2014-09-08T00:00"
"SYNCOPE-545","2014-09-04T09:21:26.000+0000","2014-09-05T08:46:46.000+0000",27,"12322508","2.0.0-M1","2015-12-23T00:00"
"SYNCOPE-543","2014-08-27T07:55:51.000+0000","2014-09-08T12:17:26.000+0000",18,"12326735","1.1.8","2014-07-03T00:00"
"SYNCOPE-543","2014-08-27T07:55:51.000+0000","2014-09-08T12:17:26.000+0000",19,"12322505","1.2.0-M1","2014-09-08T00:00"
"SYNCOPE-543","2014-08-27T07:55:51.000+0000","2014-09-08T12:17:26.000+0000",27,"12322508","2.0.0-M1","2015-12-23T00:00"
"SYNCOPE-540","2014-08-04T12:40:25.000+0000","2014-08-05T17:42:00.000+0000",19,"12322505","1.2.0-M1","2014-09-08T00:00"
"SYNCOPE-539","2014-07-30T15:15:46.000+0000","2014-08-06T09:57:41.000+0000",19,"12322505","1.2.0-M1","2014-09-08T00:00"
"SYNCOPE-532","2014-07-07T07:25:46.000+0000","2014-07-07T09:40:00.000+0000",19,"12322505","1.2.0-M1","2014-09-08T00:00"
"SYNCOPE-532","2014-07-07T07:25:46.000+0000","2014-07-07T09:40:00.000+0000",27,"12322508","2.0.0-M1","2015-12-23T00:00"
"SYNCOPE-531","2014-07-05T12:44:27.000+0000","2014-07-07T11:56:45.000+0000",18,"12326735","1.1.8","2014-07-03T00:00"
"SYNCOPE-531","2014-07-05T12:44:27.000+0000","2014-07-07T11:56:45.000+0000",19,"12322505","1.2.0-M1","2014-09-08T00:00"
"SYNCOPE-515","2014-06-24T12:57:40.000+0000","2014-06-25T12:06:55.000+0000",17,"12326288","1.1.7","2014-04-11T00:00"
"SYNCOPE-515","2014-06-24T12:57:40.000+0000","2014-06-25T12:06:55.000+0000",19,"12322505","1.2.0-M1","2014-09-08T00:00"
"SYNCOPE-514","2014-06-23T15:19:30.000+0000","2014-06-25T15:04:29.000+0000",19,"12322505","1.2.0-M1","2014-09-08T00:00"
"SYNCOPE-512","2014-06-20T14:25:56.000+0000","2014-06-20T14:38:23.000+0000",18,"12326735","1.1.8","2014-07-03T00:00"
"SYNCOPE-512","2014-06-20T14:25:56.000+0000","2014-06-20T14:38:23.000+0000",19,"12322505","1.2.0-M1","2014-09-08T00:00"
"SYNCOPE-510","2014-06-19T09:42:56.000+0000","2014-06-19T12:56:14.000+0000",19,"12322505","1.2.0-M1","2014-09-08T00:00"
"SYNCOPE-509","2014-06-19T07:43:12.000+0000","2014-06-19T12:40:55.000+0000",18,"12326735","1.1.8","2014-07-03T00:00"
"SYNCOPE-509","2014-06-19T07:43:12.000+0000","2014-06-19T12:40:55.000+0000",19,"12322505","1.2.0-M1","2014-09-08T00:00"
"SYNCOPE-506","2014-06-12T12:29:24.000+0000","2014-06-13T09:39:35.000+0000",19,"12322505","1.2.0-M1","2014-09-08T00:00"
"SYNCOPE-504","2014-06-11T07:46:15.000+0000","2014-06-25T12:06:31.000+0000",17,"12326288","1.1.7","2014-04-11T00:00"
"SYNCOPE-504","2014-06-11T07:46:15.000+0000","2014-06-25T12:06:31.000+0000",19,"12322505","1.2.0-M1","2014-09-08T00:00"
"SYNCOPE-501","2014-06-10T08:59:42.000+0000","2014-06-17T09:24:55.000+0000",18,"12326735","1.1.8","2014-07-03T00:00"
"SYNCOPE-501","2014-06-10T08:59:42.000+0000","2014-06-17T09:24:55.000+0000",19,"12322505","1.2.0-M1","2014-09-08T00:00"
"SYNCOPE-500","2014-06-06T12:46:01.000+0000","2014-06-06T15:51:16.000+0000",18,"12326735","1.1.8","2014-07-03T00:00"
"SYNCOPE-500","2014-06-06T12:46:01.000+0000","2014-06-06T15:51:16.000+0000",19,"12322505","1.2.0-M1","2014-09-08T00:00"
"SYNCOPE-499","2014-06-03T16:55:33.000+0000","2014-06-05T13:33:02.000+0000",17,"12326288","1.1.7","2014-04-11T00:00"
"SYNCOPE-499","2014-06-03T16:55:33.000+0000","2014-06-05T13:33:02.000+0000",19,"12322505","1.2.0-M1","2014-09-08T00:00"
"SYNCOPE-495","2014-05-22T08:01:46.000+0000","2014-06-03T12:18:36.000+0000",19,"12322505","1.2.0-M1","2014-09-08T00:00"
"SYNCOPE-490","2014-05-08T08:36:00.000+0000","2014-05-13T11:50:11.000+0000",19,"12322505","1.2.0-M1","2014-09-08T00:00"
"SYNCOPE-489","2014-05-07T11:55:57.000+0000","2014-05-13T11:50:00.000+0000",19,"12322505","1.2.0-M1","2014-09-08T00:00"
"SYNCOPE-484","2014-03-12T15:05:12.000+0000","2014-03-13T07:14:33.000+0000",16,"12325662","1.1.6","2014-02-22T00:00"
"SYNCOPE-483","2014-03-11T10:04:43.000+0000","2014-05-13T14:02:41.000+0000",19,"12322505","1.2.0-M1","2014-09-08T00:00"
"SYNCOPE-482","2014-02-27T14:28:09.000+0000","2014-02-27T16:15:04.000+0000",19,"12322505","1.2.0-M1","2014-09-08T00:00"
"SYNCOPE-481","2014-02-12T01:57:40.000+0000","2014-03-28T09:18:09.000+0000",15,"12325150","1.1.5","2013-11-28T00:00"
"SYNCOPE-477","2014-01-15T08:17:08.000+0000","2014-01-15T09:58:19.000+0000",15,"12325150","1.1.5","2013-11-28T00:00"
"SYNCOPE-476","2014-01-14T14:41:44.000+0000","2014-01-15T09:58:30.000+0000",15,"12325150","1.1.5","2013-11-28T00:00"
"SYNCOPE-475","2014-01-09T12:51:34.000+0000","2014-01-09T15:22:58.000+0000",15,"12325150","1.1.5","2013-11-28T00:00"
"SYNCOPE-474","2014-01-09T11:28:43.000+0000","2014-01-09T16:03:35.000+0000",15,"12325150","1.1.5","2013-11-28T00:00"
"SYNCOPE-466","2013-12-30T10:20:34.000+0000","2013-12-30T11:33:48.000+0000",15,"12325150","1.1.5","2013-11-28T00:00"
"SYNCOPE-465","2013-12-29T14:27:15.000+0000","2013-12-31T11:59:05.000+0000",16,"12325662","1.1.6","2014-02-22T00:00"
"SYNCOPE-465","2013-12-29T14:27:15.000+0000","2013-12-31T11:59:05.000+0000",19,"12322505","1.2.0-M1","2014-09-08T00:00"
"SYNCOPE-462","2013-12-16T11:04:32.000+0000","2014-01-30T13:00:15.000+0000",15,"12325150","1.1.5","2013-11-28T00:00"
"SYNCOPE-459","2013-12-04T12:39:22.000+0000","2013-12-14T09:42:22.000+0000",14,"12324763","1.1.4","2013-09-27T00:00"
"SYNCOPE-459","2013-12-04T12:39:22.000+0000","2013-12-14T09:42:22.000+0000",15,"12325150","1.1.5","2013-11-28T00:00"
"SYNCOPE-458","2013-12-03T17:28:14.000+0000","2014-06-10T09:47:23.000+0000",15,"12325150","1.1.5","2013-11-28T00:00"
"SYNCOPE-457","2013-12-03T02:25:08.000+0000","2013-12-04T08:25:25.000+0000",15,"12325150","1.1.5","2013-11-28T00:00"
"SYNCOPE-457","2013-12-03T02:25:08.000+0000","2013-12-04T08:25:25.000+0000",19,"12322505","1.2.0-M1","2014-09-08T00:00"
"SYNCOPE-456","2013-12-02T14:33:19.000+0000","2013-12-03T12:22:37.000+0000",19,"12322505","1.2.0-M1","2014-09-08T00:00"
"SYNCOPE-455","2013-11-29T12:17:33.000+0000","2013-12-04T11:48:37.000+0000",15,"12325150","1.1.5","2013-11-28T00:00"
"SYNCOPE-454","2013-11-29T11:58:00.000+0000","2013-12-04T15:35:21.000+0000",15,"12325150","1.1.5","2013-11-28T00:00"
"SYNCOPE-453","2013-11-29T11:50:59.000+0000","2013-12-03T16:17:39.000+0000",15,"12325150","1.1.5","2013-11-28T00:00"
"SYNCOPE-452","2013-11-29T08:26:29.000+0000","2013-12-03T13:41:14.000+0000",15,"12325150","1.1.5","2013-11-28T00:00"
"SYNCOPE-440","2013-11-15T06:33:33.000+0000","2013-11-21T10:09:13.000+0000",13,"12324604","1.1.3","2013-07-12T00:00"
"SYNCOPE-437","2013-11-13T08:46:33.000+0000","2013-11-13T12:06:53.000+0000",14,"12324763","1.1.4","2013-09-27T00:00"
"SYNCOPE-436","2013-11-12T10:53:51.000+0000","2013-11-18T16:59:03.000+0000",14,"12324763","1.1.4","2013-09-27T00:00"
"SYNCOPE-435","2013-11-08T15:17:04.000+0000","2013-11-12T08:57:56.000+0000",14,"12324763","1.1.4","2013-09-27T00:00"
"SYNCOPE-434","2013-11-07T15:27:05.000+0000","2013-11-07T16:40:51.000+0000",14,"12324763","1.1.4","2013-09-27T00:00"
"SYNCOPE-433","2013-11-07T14:14:14.000+0000","2013-11-07T15:22:40.000+0000",14,"12324763","1.1.4","2013-09-27T00:00"
"SYNCOPE-426","2013-10-25T08:03:03.000+0000","2013-10-25T08:40:56.000+0000",14,"12324763","1.1.4","2013-09-27T00:00"
"SYNCOPE-423","2013-10-02T15:18:47.000+0000","2013-11-20T11:42:05.000+0000",15,"12325150","1.1.5","2013-11-28T00:00"
"SYNCOPE-423","2013-10-02T15:18:47.000+0000","2013-11-20T11:42:05.000+0000",19,"12322505","1.2.0-M1","2014-09-08T00:00"
"SYNCOPE-419","2013-10-01T14:28:19.000+0000","2013-10-01T14:50:29.000+0000",14,"12324763","1.1.4","2013-09-27T00:00"
"SYNCOPE-418","2013-09-20T09:21:05.000+0000","2013-09-20T13:56:34.000+0000",13,"12324604","1.1.3","2013-07-12T00:00"
"SYNCOPE-417","2013-09-20T07:26:23.000+0000","2013-09-20T08:28:10.000+0000",13,"12324604","1.1.3","2013-07-12T00:00"
"SYNCOPE-414","2013-09-18T08:23:49.000+0000","2014-01-28T08:20:00.000+0000",19,"12322505","1.2.0-M1","2014-09-08T00:00"
"SYNCOPE-412","2013-09-16T13:41:06.000+0000","2013-09-18T12:12:52.000+0000",13,"12324604","1.1.3","2013-07-12T00:00"
"SYNCOPE-404","2013-07-19T21:25:56.000+0000","2013-07-22T07:38:34.000+0000",9,"12322504","1.1.0","2013-04-05T00:00"
"SYNCOPE-404","2013-07-19T21:25:56.000+0000","2013-07-22T07:38:34.000+0000",13,"12324604","1.1.3","2013-07-12T00:00"
"SYNCOPE-401","2013-07-11T14:55:36.000+0000","2013-07-11T15:01:08.000+0000",12,"12324382","1.1.2","2013-06-11T00:00"
"SYNCOPE-400","2013-07-11T09:35:22.000+0000","2013-07-11T11:24:21.000+0000",10,"12324279","1.0.8","2013-04-18T00:00"
"SYNCOPE-400","2013-07-11T09:35:22.000+0000","2013-07-11T11:24:21.000+0000",12,"12324382","1.1.2","2013-06-11T00:00"
"SYNCOPE-399","2013-07-04T14:07:23.000+0000","2013-07-04T14:22:09.000+0000",12,"12324382","1.1.2","2013-06-11T00:00"
"SYNCOPE-399","2013-07-04T14:07:23.000+0000","2013-07-04T14:22:09.000+0000",19,"12322505","1.2.0-M1","2014-09-08T00:00"
"SYNCOPE-398","2013-07-01T13:08:32.000+0000","2013-07-01T13:50:32.000+0000",12,"12324382","1.1.2","2013-06-11T00:00"
"SYNCOPE-397","2013-06-26T14:11:21.000+0000","2013-06-27T11:44:04.000+0000",12,"12324382","1.1.2","2013-06-11T00:00"
"SYNCOPE-396","2013-06-24T13:37:20.000+0000","2013-06-24T14:50:48.000+0000",13,"12324604","1.1.3","2013-07-12T00:00"
"SYNCOPE-394","2013-06-12T13:57:25.000+0000","2013-06-12T14:24:55.000+0000",12,"12324382","1.1.2","2013-06-11T00:00"
"SYNCOPE-387","2013-06-03T11:19:40.000+0000","2013-06-07T10:42:38.000+0000",11,"12324290","1.1.1","2013-04-29T00:00"
"SYNCOPE-386","2013-06-03T09:00:09.000+0000","2013-06-03T09:02:34.000+0000",11,"12324290","1.1.1","2013-04-29T00:00"
"SYNCOPE-385","2013-06-03T07:01:15.000+0000","2013-06-03T07:03:55.000+0000",11,"12324290","1.1.1","2013-04-29T00:00"
"SYNCOPE-384","2013-05-31T12:49:46.000+0000","2013-05-31T13:49:43.000+0000",11,"12324290","1.1.1","2013-04-29T00:00"
"SYNCOPE-383","2013-05-31T12:40:04.000+0000","2013-05-31T14:49:35.000+0000",11,"12324290","1.1.1","2013-04-29T00:00"
"SYNCOPE-382","2013-05-31T12:19:28.000+0000","2013-05-31T13:50:24.000+0000",11,"12324290","1.1.1","2013-04-29T00:00"
"SYNCOPE-381","2013-05-31T10:34:40.000+0000","2013-05-31T16:08:10.000+0000",11,"12324290","1.1.1","2013-04-29T00:00"
"SYNCOPE-380","2013-05-31T10:24:20.000+0000","2013-05-31T16:08:46.000+0000",11,"12324290","1.1.1","2013-04-29T00:00"
"SYNCOPE-377","2013-05-31T10:09:37.000+0000","2013-05-31T13:50:01.000+0000",12,"12324382","1.1.2","2013-06-11T00:00"
"SYNCOPE-376","2013-05-30T12:44:54.000+0000","2013-05-30T12:54:30.000+0000",11,"12324290","1.1.1","2013-04-29T00:00"
"SYNCOPE-375","2013-05-28T15:32:52.000+0000","2013-05-29T06:54:14.000+0000",11,"12324290","1.1.1","2013-04-29T00:00"
"SYNCOPE-373","2013-05-28T06:47:44.000+0000","2013-05-28T07:55:37.000+0000",11,"12324290","1.1.1","2013-04-29T00:00"
"SYNCOPE-372","2013-05-27T16:08:50.000+0000","2013-05-28T08:18:43.000+0000",11,"12324290","1.1.1","2013-04-29T00:00"
"SYNCOPE-371","2013-05-21T10:28:34.000+0000","2013-05-21T10:33:26.000+0000",11,"12324290","1.1.1","2013-04-29T00:00"
"SYNCOPE-370","2013-05-08T10:11:06.000+0000","2013-07-02T07:14:17.000+0000",11,"12324290","1.1.1","2013-04-29T00:00"
"SYNCOPE-369","2013-05-07T08:13:18.000+0000","2013-05-09T09:07:24.000+0000",11,"12324290","1.1.1","2013-04-29T00:00"
"SYNCOPE-368","2013-04-29T09:26:13.000+0000","2013-04-29T11:23:00.000+0000",9,"12322504","1.1.0","2013-04-05T00:00"
"SYNCOPE-366","2013-04-26T12:48:12.000+0000","2013-04-26T16:00:27.000+0000",9,"12322504","1.1.0","2013-04-05T00:00"
"SYNCOPE-366","2013-04-26T12:48:12.000+0000","2013-04-26T16:00:27.000+0000",11,"12324290","1.1.1","2013-04-29T00:00"
"SYNCOPE-365","2013-04-24T12:23:10.000+0000","2013-04-24T15:42:00.000+0000",9,"12322504","1.1.0","2013-04-05T00:00"
"SYNCOPE-365","2013-04-24T12:23:10.000+0000","2013-04-24T15:42:00.000+0000",11,"12324290","1.1.1","2013-04-29T00:00"
"SYNCOPE-364","2013-04-19T14:21:57.000+0000","2013-04-19T15:15:48.000+0000",10,"12324279","1.0.8","2013-04-18T00:00"
"SYNCOPE-364","2013-04-19T14:21:57.000+0000","2013-04-19T15:15:48.000+0000",9,"12322504","1.1.0","2013-04-05T00:00"
"SYNCOPE-363","2013-04-19T09:26:27.000+0000","2013-04-19T14:12:13.000+0000",9,"12322504","1.1.0","2013-04-05T00:00"
"SYNCOPE-361","2013-04-19T08:26:22.000+0000","2013-04-19T08:29:20.000+0000",9,"12322504","1.1.0","2013-04-05T00:00"
"SYNCOPE-360","2013-04-18T18:32:17.000+0000","2013-04-19T09:38:44.000+0000",9,"12322504","1.1.0","2013-04-05T00:00"
"SYNCOPE-358","2013-04-15T11:01:18.000+0000","2013-04-15T12:06:27.000+0000",9,"12322504","1.1.0","2013-04-05T00:00"
"SYNCOPE-357","2013-04-15T10:43:31.000+0000","2013-04-24T15:21:12.000+0000",9,"12322504","1.1.0","2013-04-05T00:00"
"SYNCOPE-356","2013-04-14T16:48:13.000+0000","2013-04-15T09:44:39.000+0000",9,"12322504","1.1.0","2013-04-05T00:00"
"SYNCOPE-354","2013-04-12T23:22:37.000+0000","2013-04-24T13:32:30.000+0000",9,"12322504","1.1.0","2013-04-05T00:00"
"SYNCOPE-353","2013-04-09T10:53:38.000+0000","2013-04-09T12:54:20.000+0000",9,"12322504","1.1.0","2013-04-05T00:00"
"SYNCOPE-352","2013-04-08T18:51:02.000+0000","2013-04-09T14:45:57.000+0000",9,"12322504","1.1.0","2013-04-05T00:00"
"SYNCOPE-351","2013-04-05T10:42:06.000+0000","2013-04-09T12:16:43.000+0000",8,"12324104","1.0.7","2013-03-26T00:00"
"SYNCOPE-351","2013-04-05T10:42:06.000+0000","2013-04-09T12:16:43.000+0000",9,"12322504","1.1.0","2013-04-05T00:00"
"SYNCOPE-349","2013-04-03T10:23:29.000+0000","2013-12-20T08:34:24.000+0000",8,"12324104","1.0.7","2013-03-26T00:00"
"SYNCOPE-349","2013-04-03T10:23:29.000+0000","2013-12-20T08:34:24.000+0000",9,"12322504","1.1.0","2013-04-05T00:00"
"SYNCOPE-349","2013-04-03T10:23:29.000+0000","2013-12-20T08:34:24.000+0000",19,"12322505","1.2.0-M1","2014-09-08T00:00"
"SYNCOPE-347","2013-03-28T11:43:55.000+0000","2013-04-03T10:15:07.000+0000",9,"12322504","1.1.0","2013-04-05T00:00"
"SYNCOPE-343","2013-03-22T16:11:42.000+0000","2013-03-22T17:07:06.000+0000",9,"12322504","1.1.0","2013-04-05T00:00"
"SYNCOPE-342","2013-03-22T09:52:19.000+0000","2013-03-22T11:16:01.000+0000",7,"12324001","1.0.6","2013-02-27T00:00"
"SYNCOPE-342","2013-03-22T09:52:19.000+0000","2013-03-22T11:16:01.000+0000",9,"12322504","1.1.0","2013-04-05T00:00"
"SYNCOPE-341","2013-03-21T07:48:43.000+0000","2013-03-22T13:56:25.000+0000",7,"12324001","1.0.6","2013-02-27T00:00"
"SYNCOPE-341","2013-03-21T07:48:43.000+0000","2013-03-22T13:56:25.000+0000",9,"12322504","1.1.0","2013-04-05T00:00"
"SYNCOPE-339","2013-03-19T12:10:35.000+0000","2013-03-19T15:21:53.000+0000",8,"12324104","1.0.7","2013-03-26T00:00"
"SYNCOPE-339","2013-03-19T12:10:35.000+0000","2013-03-19T15:21:53.000+0000",9,"12322504","1.1.0","2013-04-05T00:00"
"SYNCOPE-338","2013-03-19T10:32:44.000+0000","2013-03-19T15:07:35.000+0000",9,"12322504","1.1.0","2013-04-05T00:00"
"SYNCOPE-334","2013-03-04T12:52:12.000+0000","2013-03-04T13:20:38.000+0000",9,"12322504","1.1.0","2013-04-05T00:00"
"SYNCOPE-332","2013-03-03T19:37:03.000+0000","2013-03-04T15:54:50.000+0000",6,"12323749","1.0.5","2013-01-23T00:00"
"SYNCOPE-332","2013-03-03T19:37:03.000+0000","2013-03-04T15:54:50.000+0000",7,"12324001","1.0.6","2013-02-27T00:00"
"SYNCOPE-332","2013-03-03T19:37:03.000+0000","2013-03-04T15:54:50.000+0000",9,"12322504","1.1.0","2013-04-05T00:00"
"SYNCOPE-330","2013-03-01T15:10:28.000+0000","2013-03-05T14:43:33.000+0000",9,"12322504","1.1.0","2013-04-05T00:00"
"SYNCOPE-327","2013-02-27T16:46:55.000+0000","2013-03-01T16:23:15.000+0000",7,"12324001","1.0.6","2013-02-27T00:00"
"SYNCOPE-327","2013-02-27T16:46:55.000+0000","2013-03-01T16:23:15.000+0000",9,"12322504","1.1.0","2013-04-05T00:00"
"SYNCOPE-325","2013-02-25T10:05:33.000+0000","2013-02-25T10:08:34.000+0000",6,"12323749","1.0.5","2013-01-23T00:00"
"SYNCOPE-325","2013-02-25T10:05:33.000+0000","2013-02-25T10:08:34.000+0000",9,"12322504","1.1.0","2013-04-05T00:00"
"SYNCOPE-323","2013-02-22T13:33:19.000+0000","2013-02-22T16:32:27.000+0000",6,"12323749","1.0.5","2013-01-23T00:00"
"SYNCOPE-323","2013-02-22T13:33:19.000+0000","2013-02-22T16:32:27.000+0000",9,"12322504","1.1.0","2013-04-05T00:00"
"SYNCOPE-321","2013-02-21T13:51:46.000+0000","2013-02-21T16:27:09.000+0000",9,"12322504","1.1.0","2013-04-05T00:00"
"SYNCOPE-320","2013-02-20T12:24:34.000+0000","2013-02-20T14:44:52.000+0000",9,"12322504","1.1.0","2013-04-05T00:00"
"SYNCOPE-317","2013-02-18T11:39:03.000+0000","2013-02-18T14:45:45.000+0000",9,"12322504","1.1.0","2013-04-05T00:00"
"SYNCOPE-316","2013-02-18T08:23:44.000+0000","2013-02-18T11:14:24.000+0000",6,"12323749","1.0.5","2013-01-23T00:00"
"SYNCOPE-316","2013-02-18T08:23:44.000+0000","2013-02-18T11:14:24.000+0000",9,"12322504","1.1.0","2013-04-05T00:00"
"SYNCOPE-315","2013-02-15T13:45:39.000+0000","2013-02-18T15:25:06.000+0000",6,"12323749","1.0.5","2013-01-23T00:00"
"SYNCOPE-315","2013-02-15T13:45:39.000+0000","2013-02-18T15:25:06.000+0000",9,"12322504","1.1.0","2013-04-05T00:00"
"SYNCOPE-314","2013-02-14T17:18:39.000+0000","2013-02-14T17:24:08.000+0000",7,"12324001","1.0.6","2013-02-27T00:00"
"SYNCOPE-314","2013-02-14T17:18:39.000+0000","2013-02-14T17:24:08.000+0000",9,"12322504","1.1.0","2013-04-05T00:00"
"SYNCOPE-310","2013-02-08T11:34:53.000+0000","2013-02-08T12:19:26.000+0000",6,"12323749","1.0.5","2013-01-23T00:00"
"SYNCOPE-310","2013-02-08T11:34:53.000+0000","2013-02-08T12:19:26.000+0000",9,"12322504","1.1.0","2013-04-05T00:00"
"SYNCOPE-309","2013-02-04T17:18:28.000+0000","2013-02-25T12:03:55.000+0000",6,"12323749","1.0.5","2013-01-23T00:00"
"SYNCOPE-309","2013-02-04T17:18:28.000+0000","2013-02-25T12:03:55.000+0000",9,"12322504","1.1.0","2013-04-05T00:00"
"SYNCOPE-308","2013-02-04T16:55:08.000+0000","2013-02-11T17:07:08.000+0000",6,"12323749","1.0.5","2013-01-23T00:00"
"SYNCOPE-308","2013-02-04T16:55:08.000+0000","2013-02-11T17:07:08.000+0000",9,"12322504","1.1.0","2013-04-05T00:00"
"SYNCOPE-307","2013-02-04T11:48:00.000+0000","2013-02-13T18:41:57.000+0000",7,"12324001","1.0.6","2013-02-27T00:00"
"SYNCOPE-307","2013-02-04T11:48:00.000+0000","2013-02-13T18:41:57.000+0000",9,"12322504","1.1.0","2013-04-05T00:00"
"SYNCOPE-302","2013-01-31T10:32:19.000+0000","2013-01-31T10:41:38.000+0000",9,"12322504","1.1.0","2013-04-05T00:00"
"SYNCOPE-301","2013-01-30T11:27:32.000+0000","2013-01-30T17:57:42.000+0000",6,"12323749","1.0.5","2013-01-23T00:00"
"SYNCOPE-301","2013-01-30T11:27:32.000+0000","2013-01-30T17:57:42.000+0000",9,"12322504","1.1.0","2013-04-05T00:00"
"SYNCOPE-294","2013-01-28T11:30:59.000+0000","2013-02-01T09:52:18.000+0000",6,"12323749","1.0.5","2013-01-23T00:00"
"SYNCOPE-292","2013-01-28T10:07:53.000+0000","2013-01-28T16:06:09.000+0000",9,"12322504","1.1.0","2013-04-05T00:00"
"SYNCOPE-284","2013-01-23T09:52:18.000+0000","2013-02-04T16:58:50.000+0000",9,"12322504","1.1.0","2013-04-05T00:00"
"SYNCOPE-274","2013-01-15T11:35:22.000+0000","2013-01-15T12:49:13.000+0000",5,"12323474","1.0.4","2012-12-10T00:00"
"SYNCOPE-272","2013-01-11T11:52:27.000+0000","2013-01-14T15:10:58.000+0000",6,"12323749","1.0.5","2013-01-23T00:00"
"SYNCOPE-269","2013-01-10T11:08:23.000+0000","2013-01-11T16:10:08.000+0000",5,"12323474","1.0.4","2012-12-10T00:00"
"SYNCOPE-269","2013-01-10T11:08:23.000+0000","2013-01-11T16:10:08.000+0000",9,"12322504","1.1.0","2013-04-05T00:00"
"SYNCOPE-267","2013-01-08T10:00:41.000+0000","2013-01-08T11:35:59.000+0000",5,"12323474","1.0.4","2012-12-10T00:00"
"SYNCOPE-267","2013-01-08T10:00:41.000+0000","2013-01-08T11:35:59.000+0000",6,"12323749","1.0.5","2013-01-23T00:00"
"SYNCOPE-267","2013-01-08T10:00:41.000+0000","2013-01-08T11:35:59.000+0000",9,"12322504","1.1.0","2013-04-05T00:00"
"SYNCOPE-262","2013-01-04T08:21:46.000+0000","2013-01-07T16:31:12.000+0000",9,"12322504","1.1.0","2013-04-05T00:00"
"SYNCOPE-260","2013-01-02T09:50:14.000+0000","2013-01-07T09:06:20.000+0000",6,"12323749","1.0.5","2013-01-23T00:00"
"SYNCOPE-260","2013-01-02T09:50:14.000+0000","2013-01-07T09:06:20.000+0000",9,"12322504","1.1.0","2013-04-05T00:00"
"SYNCOPE-240","2012-11-29T14:31:55.000+0000","2012-11-29T15:08:14.000+0000",5,"12323474","1.0.4","2012-12-10T00:00"
"SYNCOPE-240","2012-11-29T14:31:55.000+0000","2012-11-29T15:08:14.000+0000",9,"12322504","1.1.0","2013-04-05T00:00"
"SYNCOPE-238","2012-11-19T14:23:25.000+0000","2012-11-28T17:18:11.000+0000",3,"12323346","1.0.3-incubating","2012-09-30T00:00"
"SYNCOPE-237","2012-11-16T10:11:03.000+0000","2012-11-16T10:17:13.000+0000",3,"12323346","1.0.3-incubating","2012-09-30T00:00"
"SYNCOPE-236","2012-11-11T14:57:54.000+0000","2012-11-11T15:01:25.000+0000",3,"12323346","1.0.3-incubating","2012-09-30T00:00"
"SYNCOPE-234","2012-11-05T11:24:18.000+0000","2012-11-05T15:08:55.000+0000",5,"12323474","1.0.4","2012-12-10T00:00"
"SYNCOPE-233","2012-11-03T18:26:39.000+0000","2012-11-10T11:30:04.000+0000",4,"12323254","1.0.2-incubating","2012-10-02T00:00"
"SYNCOPE-233","2012-11-03T18:26:39.000+0000","2012-11-10T11:30:04.000+0000",3,"12323346","1.0.3-incubating","2012-09-30T00:00"
"SYNCOPE-232","2012-11-02T17:04:23.000+0000","2012-11-06T11:09:58.000+0000",4,"12323254","1.0.2-incubating","2012-10-02T00:00"
"SYNCOPE-232","2012-11-02T17:04:23.000+0000","2012-11-06T11:09:58.000+0000",3,"12323346","1.0.3-incubating","2012-09-30T00:00"
"SYNCOPE-230","2012-10-26T12:41:21.000+0000","2012-10-29T17:19:29.000+0000",4,"12323254","1.0.2-incubating","2012-10-02T00:00"
"SYNCOPE-228","2012-10-25T15:28:07.000+0000","2012-10-25T16:11:50.000+0000",4,"12323254","1.0.2-incubating","2012-10-02T00:00"
"SYNCOPE-226","2012-10-18T12:49:11.000+0000","2012-10-19T10:39:04.000+0000",4,"12323254","1.0.2-incubating","2012-10-02T00:00"
"SYNCOPE-224","2012-10-16T14:06:08.000+0000","2012-10-18T12:53:48.000+0000",4,"12323254","1.0.2-incubating","2012-10-02T00:00"
"SYNCOPE-220","2012-10-13T09:44:25.000+0000","2012-10-15T12:54:50.000+0000",4,"12323254","1.0.2-incubating","2012-10-02T00:00"
"SYNCOPE-217","2012-10-09T12:59:02.000+0000","2012-10-09T16:00:25.000+0000",4,"12323254","1.0.2-incubating","2012-10-02T00:00"
"SYNCOPE-214","2012-10-04T10:45:45.000+0000","2012-10-09T16:18:44.000+0000",2,"12322540","1.0.1-incubating","2012-08-29T00:00"
"SYNCOPE-211","2012-09-20T12:51:29.000+0000","2012-09-20T15:32:10.000+0000",2,"12322540","1.0.1-incubating","2012-08-29T00:00"
"SYNCOPE-202","2012-09-05T10:09:33.000+0000","2012-10-01T15:30:49.000+0000",4,"12323254","1.0.2-incubating","2012-10-02T00:00"
"SYNCOPE-202","2012-09-05T10:09:33.000+0000","2012-10-01T15:30:49.000+0000",9,"12322504","1.1.0","2013-04-05T00:00"
"SYNCOPE-196","2012-09-03T10:32:43.000+0000","2012-09-04T10:47:08.000+0000",1,"12320044","1.0.0-incubating","2012-08-06T00:00"
"SYNCOPE-194","2012-09-03T10:24:21.000+0000","2012-09-10T15:20:07.000+0000",2,"12322540","1.0.1-incubating","2012-08-29T00:00"
"SYNCOPE-192","2012-08-29T08:01:19.000+0000","2012-08-29T12:42:33.000+0000",1,"12320044","1.0.0-incubating","2012-08-06T00:00"
"SYNCOPE-191","2012-08-27T09:54:11.000+0000","2012-08-28T12:49:35.000+0000",1,"12320044","1.0.0-incubating","2012-08-06T00:00"
"SYNCOPE-187","2012-08-14T08:35:21.000+0000","2012-08-14T14:20:34.000+0000",1,"12320044","1.0.0-incubating","2012-08-06T00:00"
"SYNCOPE-187","2012-08-14T08:35:21.000+0000","2012-08-14T14:20:34.000+0000",9,"12322504","1.1.0","2013-04-05T00:00"
"SYNCOPE-185","2012-08-14T08:27:50.000+0000","2012-08-29T15:07:48.000+0000",1,"12320044","1.0.0-incubating","2012-08-06T00:00"
"SYNCOPE-183","2012-08-14T08:25:42.000+0000","2012-10-01T15:57:08.000+0000",2,"12322540","1.0.1-incubating","2012-08-29T00:00"
"SYNCOPE-182","2012-08-13T06:38:25.000+0000","2012-08-17T12:14:46.000+0000",1,"12320044","1.0.0-incubating","2012-08-06T00:00"
"SYNCOPE-181","2012-08-06T15:49:04.000+0000","2012-08-07T08:18:54.000+0000",1,"12320044","1.0.0-incubating","2012-08-06T00:00"
"SYNCOPE-180","2012-08-02T08:47:12.000+0000","2012-08-02T15:56:23.000+0000",1,"12320044","1.0.0-incubating","2012-08-06T00:00"
"SYNCOPE-179","2012-08-01T16:25:11.000+0000","2012-08-01T16:27:50.000+0000",1,"12320044","1.0.0-incubating","2012-08-06T00:00"
"SYNCOPE-178","2012-08-01T13:17:48.000+0000","2012-08-01T13:29:50.000+0000",1,"12320044","1.0.0-incubating","2012-08-06T00:00"
"SYNCOPE-118","2012-07-27T15:39:00.000+0000","2012-07-30T07:50:57.000+0000",1,"12320044","1.0.0-incubating","2012-08-06T00:00"
"SYNCOPE-117","2012-07-27T15:36:17.000+0000","2012-07-30T11:34:38.000+0000",1,"12320044","1.0.0-incubating","2012-08-06T00:00"
"SYNCOPE-115","2012-07-26T09:20:17.000+0000","2012-07-26T09:34:40.000+0000",1,"12320044","1.0.0-incubating","2012-08-06T00:00"
"SYNCOPE-114","2012-07-20T07:28:39.000+0000","2012-07-20T10:20:53.000+0000",1,"12320044","1.0.0-incubating","2012-08-06T00:00"
"SYNCOPE-113","2012-07-19T22:00:51.000+0000","2012-07-20T08:47:04.000+0000",1,"12320044","1.0.0-incubating","2012-08-06T00:00"
"SYNCOPE-112","2012-07-17T08:34:10.000+0000","2012-07-17T10:58:09.000+0000",1,"12320044","1.0.0-incubating","2012-08-06T00:00"
"SYNCOPE-111","2012-07-16T10:13:32.000+0000","2012-07-16T14:10:43.000+0000",1,"12320044","1.0.0-incubating","2012-08-06T00:00"
"SYNCOPE-108","2012-07-12T10:56:05.000+0000","2012-07-13T08:11:53.000+0000",1,"12320044","1.0.0-incubating","2012-08-06T00:00"
"SYNCOPE-106","2012-07-06T13:41:27.000+0000","2012-07-06T13:55:47.000+0000",1,"12320044","1.0.0-incubating","2012-08-06T00:00"
"SYNCOPE-104","2012-07-04T09:55:19.000+0000","2012-07-04T10:08:25.000+0000",1,"12320044","1.0.0-incubating","2012-08-06T00:00"
"SYNCOPE-103","2012-07-02T10:18:51.000+0000","2012-07-03T10:21:10.000+0000",1,"12320044","1.0.0-incubating","2012-08-06T00:00"
"SYNCOPE-102","2012-06-27T14:16:36.000+0000","2012-07-13T16:35:18.000+0000",1,"12320044","1.0.0-incubating","2012-08-06T00:00"
"SYNCOPE-101","2012-06-26T15:09:36.000+0000","2012-07-18T12:40:55.000+0000",1,"12320044","1.0.0-incubating","2012-08-06T00:00"
"SYNCOPE-99","2012-06-20T13:40:22.000+0000","2012-06-21T10:37:35.000+0000",1,"12320044","1.0.0-incubating","2012-08-06T00:00"
"SYNCOPE-97","2012-06-19T08:59:08.000+0000","2012-06-21T08:25:11.000+0000",1,"12320044","1.0.0-incubating","2012-08-06T00:00"
"SYNCOPE-96","2012-06-14T14:25:55.000+0000","2012-06-20T13:50:22.000+0000",1,"12320044","1.0.0-incubating","2012-08-06T00:00"
"SYNCOPE-95","2012-06-12T16:13:58.000+0000","2012-06-14T15:34:59.000+0000",1,"12320044","1.0.0-incubating","2012-08-06T00:00"
"SYNCOPE-94","2012-06-08T12:18:22.000+0000","2012-06-12T14:54:16.000+0000",1,"12320044","1.0.0-incubating","2012-08-06T00:00"
"SYNCOPE-92","2012-06-04T10:29:34.000+0000","2012-06-08T15:20:58.000+0000",1,"12320044","1.0.0-incubating","2012-08-06T00:00"
"SYNCOPE-90","2012-05-30T13:47:18.000+0000","2012-06-04T15:18:48.000+0000",1,"12320044","1.0.0-incubating","2012-08-06T00:00"
"SYNCOPE-86","2012-05-22T10:40:29.000+0000","2012-05-22T13:39:54.000+0000",1,"12320044","1.0.0-incubating","2012-08-06T00:00"
"SYNCOPE-84","2012-05-22T07:36:51.000+0000","2012-05-22T14:07:57.000+0000",1,"12320044","1.0.0-incubating","2012-08-06T00:00"
"SYNCOPE-83","2012-05-21T08:29:52.000+0000","2012-05-30T12:35:15.000+0000",1,"12320044","1.0.0-incubating","2012-08-06T00:00"
"SYNCOPE-82","2012-05-08T08:10:58.000+0000","2012-05-08T11:32:12.000+0000",1,"12320044","1.0.0-incubating","2012-08-06T00:00"
"SYNCOPE-81","2012-05-03T15:29:04.000+0000","2012-05-04T10:29:37.000+0000",1,"12320044","1.0.0-incubating","2012-08-06T00:00"
"SYNCOPE-80","2012-05-03T15:26:28.000+0000","2012-05-08T08:14:03.000+0000",1,"12320044","1.0.0-incubating","2012-08-06T00:00"
"SYNCOPE-77","2012-05-02T14:48:13.000+0000","2012-05-02T14:52:00.000+0000",1,"12320044","1.0.0-incubating","2012-08-06T00:00"
"SYNCOPE-75","2012-05-02T10:49:37.000+0000","2012-05-03T12:33:45.000+0000",1,"12320044","1.0.0-incubating","2012-08-06T00:00"
"SYNCOPE-72","2012-04-30T13:07:46.000+0000","2012-04-30T15:44:33.000+0000",1,"12320044","1.0.0-incubating","2012-08-06T00:00"
"SYNCOPE-71","2012-04-30T09:54:43.000+0000","2012-04-30T10:31:13.000+0000",1,"12320044","1.0.0-incubating","2012-08-06T00:00"
"SYNCOPE-70","2012-04-30T09:44:07.000+0000","2012-04-30T16:04:11.000+0000",1,"12320044","1.0.0-incubating","2012-08-06T00:00"
"SYNCOPE-68","2012-04-27T07:03:41.000+0000","2012-05-23T13:33:45.000+0000",1,"12320044","1.0.0-incubating","2012-08-06T00:00"
"SYNCOPE-65","2012-04-24T13:59:10.000+0000","2012-05-02T10:22:10.000+0000",1,"12320044","1.0.0-incubating","2012-08-06T00:00"
"SYNCOPE-63","2012-04-24T10:10:12.000+0000","2012-04-24T10:45:51.000+0000",1,"12320044","1.0.0-incubating","2012-08-06T00:00"
"SYNCOPE-61","2012-04-18T13:03:30.000+0000","2012-10-04T11:51:01.000+0000",1,"12320044","1.0.0-incubating","2012-08-06T00:00"
"SYNCOPE-58","2012-04-17T07:31:30.000+0000","2012-04-17T08:29:10.000+0000",1,"12320044","1.0.0-incubating","2012-08-06T00:00"
"SYNCOPE-54","2012-04-04T13:06:32.000+0000","2012-04-04T13:54:36.000+0000",1,"12320044","1.0.0-incubating","2012-08-06T00:00"
"SYNCOPE-52","2012-04-04T07:08:45.000+0000","2012-04-04T11:35:18.000+0000",1,"12320044","1.0.0-incubating","2012-08-06T00:00"
"SYNCOPE-49","2012-03-28T07:35:41.000+0000","2012-03-28T13:38:44.000+0000",1,"12320044","1.0.0-incubating","2012-08-06T00:00"
"SYNCOPE-48","2012-03-26T15:48:50.000+0000","2012-04-03T12:49:41.000+0000",1,"12320044","1.0.0-incubating","2012-08-06T00:00"
"SYNCOPE-47","2012-03-23T10:49:16.000+0000","2012-03-23T14:43:46.000+0000",1,"12320044","1.0.0-incubating","2012-08-06T00:00"
"SYNCOPE-46","2012-03-22T12:23:12.000+0000","2012-03-22T16:26:46.000+0000",1,"12320044","1.0.0-incubating","2012-08-06T00:00"
"SYNCOPE-43","2012-03-17T08:31:15.000+0000","2012-03-19T10:42:44.000+0000",1,"12320044","1.0.0-incubating","2012-08-06T00:00"
"SYNCOPE-41","2012-03-15T17:03:48.000+0000","2012-03-28T15:32:19.000+0000",1,"12320044","1.0.0-incubating","2012-08-06T00:00"
"SYNCOPE-40","2012-03-15T16:10:12.000+0000","2012-03-19T09:08:51.000+0000",1,"12320044","1.0.0-incubating","2012-08-06T00:00"
"SYNCOPE-39","2012-03-15T14:10:10.000+0000","2012-03-22T12:51:06.000+0000",1,"12320044","1.0.0-incubating","2012-08-06T00:00"
"SYNCOPE-37","2012-03-14T13:51:48.000+0000","2012-03-16T18:05:39.000+0000",1,"12320044","1.0.0-incubating","2012-08-06T00:00"
"SYNCOPE-36","2012-03-13T10:09:34.000+0000","2012-03-13T10:25:38.000+0000",1,"12320044","1.0.0-incubating","2012-08-06T00:00"
"SYNCOPE-34","2012-03-09T15:36:01.000+0000","2012-03-09T15:39:55.000+0000",1,"12320044","1.0.0-incubating","2012-08-06T00:00"
"SYNCOPE-33","2012-03-09T11:45:34.000+0000","2012-03-09T13:58:15.000+0000",1,"12320044","1.0.0-incubating","2012-08-06T00:00"
"SYNCOPE-32","2012-03-09T08:54:47.000+0000","2012-03-09T09:11:42.000+0000",1,"12320044","1.0.0-incubating","2012-08-06T00:00"
"SYNCOPE-31","2012-03-08T14:43:03.000+0000","2012-03-09T09:11:22.000+0000",1,"12320044","1.0.0-incubating","2012-08-06T00:00"
"SYNCOPE-30","2012-03-08T13:45:09.000+0000","2012-03-08T14:36:36.000+0000",1,"12320044","1.0.0-incubating","2012-08-06T00:00"
"SYNCOPE-29","2012-03-08T13:27:47.000+0000","2012-04-02T16:18:48.000+0000",1,"12320044","1.0.0-incubating","2012-08-06T00:00"
"SYNCOPE-27","2012-03-07T14:40:20.000+0000","2012-03-07T15:00:21.000+0000",1,"12320044","1.0.0-incubating","2012-08-06T00:00"
"SYNCOPE-23","2012-03-02T09:19:01.000+0000","2012-03-02T10:00:31.000+0000",1,"12320044","1.0.0-incubating","2012-08-06T00:00"
"SYNCOPE-21","2012-03-02T09:01:55.000+0000","2012-03-16T14:17:39.000+0000",1,"12320044","1.0.0-incubating","2012-08-06T00:00"
"SYNCOPE-18","2012-03-01T15:14:01.000+0000","2012-03-13T16:38:51.000+0000",1,"12320044","1.0.0-incubating","2012-08-06T00:00"
"SYNCOPE-17","2012-03-01T14:28:34.000+0000","2012-03-01T14:53:40.000+0000",1,"12320044","1.0.0-incubating","2012-08-06T00:00"
"SYNCOPE-16","2012-03-01T11:41:37.000+0000","2012-03-01T15:09:42.000+0000",1,"12320044","1.0.0-incubating","2012-08-06T00:00"
"SYNCOPE-12","2012-02-29T14:02:13.000+0000","2012-02-29T18:09:44.000+0000",1,"12320044","1.0.0-incubating","2012-08-06T00:00"
"SYNCOPE-11","2012-02-29T10:19:28.000+0000","2012-02-29T13:39:58.000+0000",1,"12320044","1.0.0-incubating","2012-08-06T00:00"
"SYNCOPE-10","2012-02-28T10:56:09.000+0000","2012-02-28T15:36:42.000+0000",1,"12320044","1.0.0-incubating","2012-08-06T00:00"
"SYNCOPE-8","2012-02-24T17:13:02.000+0000","2012-02-27T11:47:58.000+0000",1,"12320044","1.0.0-incubating","2012-08-06T00:00"
"SYNCOPE-3","2012-02-23T07:41:54.000+0000","2012-02-27T08:26:32.000+0000",1,"12320044","1.0.0-incubating","2012-08-06T00:00"
"SYNCOPE-1","2012-02-21T14:26:29.000+0000","2012-02-27T08:26:21.000+0000",1,"12320044","1.0.0-incubating","2012-08-06T00:00"
